{
  "last_node_id": 33,
  "last_link_id": 69,
  "nodes": [
    {
      "id": 22,
      "type": "DualCLIPLoaderGGUF",
      "pos": {
        "0": -720,
        "1": 140
      },
      "size": {
        "0": 315,
        "1": 106
      },
      "flags": {},
      "order": 0,
      "mode": 0,
      "inputs": [],
      "outputs": [
        {
          "name": "CLIP",
          "type": "CLIP",
          "links": [
            26,
            27
          ],
          "slot_index": 0,
          "shape": 3
        }
      ],
      "properties": {
        "Node name for S&R": "DualCLIPLoaderGGUF"
      },
      "widgets_values": [
        "ViT-L-14-BEST-smooth-GmP-TE-only-HF-format.safetensors",
        "t5xxl_fp16.safetensors",
        "flux"
      ],
      "color": "#332922",
      "bgcolor": "#593930"
    },
    {
      "id": 9,
      "type": "InpaintModelConditioning",
      "pos": {
        "0": 40,
        "1": 700
      },
      "size": {
        "0": 216.59999084472656,
        "1": 106
      },
      "flags": {},
      "order": 12,
      "mode": 0,
      "inputs": [
        {
          "name": "positive",
          "type": "CONDITIONING",
          "link": 10,
          "slot_index": 0
        },
        {
          "name": "negative",
          "type": "CONDITIONING",
          "link": 11,
          "slot_index": 1
        },
        {
          "name": "vae",
          "type": "VAE",
          "link": 62
        },
        {
          "name": "pixels",
          "type": "IMAGE",
          "link": 67
        },
        {
          "name": "mask",
          "type": "MASK",
          "link": 12,
          "slot_index": 4
        }
      ],
      "outputs": [
        {
          "name": "positive",
          "type": "CONDITIONING",
          "links": [
            9
          ],
          "slot_index": 0,
          "shape": 3
        },
        {
          "name": "negative",
          "type": "CONDITIONING",
          "links": null,
          "shape": 3
        },
        {
          "name": "latent",
          "type": "LATENT",
          "links": [
            8
          ],
          "slot_index": 2,
          "shape": 3
        }
      ],
      "properties": {
        "Node name for S&R": "InpaintModelConditioning"
      },
      "widgets_values": [],
      "color": "#223",
      "bgcolor": "#335"
    },
    {
      "id": 5,
      "type": "BasicGuider",
      "pos": {
        "0": -310,
        "1": 311
      },
      "size": {
        "0": 241.79998779296875,
        "1": 46
      },
      "flags": {},
      "order": 13,
      "mode": 0,
      "inputs": [
        {
          "name": "model",
          "type": "MODEL",
          "link": 64,
          "slot_index": 0
        },
        {
          "name": "conditioning",
          "type": "CONDITIONING",
          "link": 9
        }
      ],
      "outputs": [
        {
          "name": "GUIDER",
          "type": "GUIDER",
          "links": [
            4
          ],
          "shape": 3
        }
      ],
      "properties": {
        "Node name for S&R": "BasicGuider"
      },
      "widgets_values": [],
      "color": "#2a363b",
      "bgcolor": "#3f5159"
    },
    {
      "id": 12,
      "type": "ImpactGaussianBlurMask",
      "pos": {
        "0": -340,
        "1": 867
      },
      "size": {
        "0": 315,
        "1": 82
      },
      "flags": {},
      "order": 9,
      "mode": 0,
      "inputs": [
        {
          "name": "mask",
          "type": "MASK",
          "link": 66
        }
      ],
      "outputs": [
        {
          "name": "MASK",
          "type": "MASK",
          "links": [
            12
          ],
          "shape": 3
        }
      ],
      "properties": {
        "Node name for S&R": "ImpactGaussianBlurMask"
      },
      "widgets_values": [
        10,
        10
      ],
      "color": "#223",
      "bgcolor": "#335"
    },
    {
      "id": 33,
      "type": "LoadImage",
      "pos": {
        "0": -725,
        "1": 629
      },
      "size": {
        "0": 315,
        "1": 314
      },
      "flags": {},
      "order": 2,
      "mode": 0,
      "inputs": [],
      "outputs": [
        {
          "name": "IMAGE",
          "type": "IMAGE",
          "links": [
            65,
            67
          ],
          "slot_index": 0
        },
        {
          "name": "MASK",
          "type": "MASK",
          "links": [
            66
          ],
          "slot_index": 1
        }
      ],
      "properties": {
        "Node name for S&R": "LoadImage"
      },
      "widgets_values": [
        "clipspace/clipspace-mask-216089592.10000002.png [input]",
        "image"
      ]
    },
    {
      "id": 1,
      "type": "SamplerCustomAdvanced",
      "pos": {
        "0": 313,
        "1": 19
      },
      "size": {
        "0": 355.20001220703125,
        "1": 106
      },
      "flags": {},
      "order": 14,
      "mode": 0,
      "inputs": [
        {
          "name": "noise",
          "type": "NOISE",
          "link": 3,
          "slot_index": 0
        },
        {
          "name": "guider",
          "type": "GUIDER",
          "link": 4,
          "slot_index": 1
        },
        {
          "name": "sampler",
          "type": "SAMPLER",
          "link": 61,
          "slot_index": 2
        },
        {
          "name": "sigmas",
          "type": "SIGMAS",
          "link": 7,
          "slot_index": 3
        },
        {
          "name": "latent_image",
          "type": "LATENT",
          "link": 8
        }
      ],
      "outputs": [
        {
          "name": "output",
          "type": "LATENT",
          "links": [
            1
          ],
          "slot_index": 0,
          "shape": 3
        },
        {
          "name": "denoised_output",
          "type": "LATENT",
          "links": null,
          "shape": 3
        }
      ],
      "properties": {
        "Node name for S&R": "SamplerCustomAdvanced"
      },
      "widgets_values": [],
      "color": "#323",
      "bgcolor": "#535"
    },
    {
      "id": 29,
      "type": "Image Comparer (rgthree)",
      "pos": {
        "0": 310,
        "1": 300
      },
      "size": [
        663.2242815323807,
        639.997438401192
      ],
      "flags": {},
      "order": 16,
      "mode": 0,
      "inputs": [
        {
          "name": "image_a",
          "type": "IMAGE",
          "link": 65,
          "dir": 3
        },
        {
          "name": "image_b",
          "type": "IMAGE",
          "link": 50,
          "dir": 3
        }
      ],
      "outputs": [],
      "properties": {
        "comparer_mode": "Slide"
      },
      "widgets_values": [
        [
          {
            "name": "A",
            "selected": true,
            "url": "/api/view?filename=rgthree.compare._temp_rvqpq_00009_.png&type=temp&subfolder=&rand=0.43992830400004923"
          },
          {
            "name": "B",
            "selected": true,
            "url": "/api/view?filename=rgthree.compare._temp_rvqpq_00010_.png&type=temp&subfolder=&rand=0.3971828588987212"
          }
        ]
      ],
      "color": "#222",
      "bgcolor": "#000"
    },
    {
      "id": 30,
      "type": "SaveImage",
      "pos": {
        "0": 654,
        "1": 183
      },
      "size": {
        "0": 315,
        "1": 58
      },
      "flags": {},
      "order": 17,
      "mode": 4,
      "inputs": [
        {
          "name": "images",
          "type": "IMAGE",
          "link": 57
        }
      ],
      "outputs": [],
      "properties": {},
      "widgets_values": [
        "ComfyUI"
      ]
    },
    {
      "id": 17,
      "type": "VAELoader",
      "pos": {
        "0": -720,
        "1": 290
      },
      "size": {
        "0": 315,
        "1": 58
      },
      "flags": {},
      "order": 3,
      "mode": 0,
      "inputs": [],
      "outputs": [
        {
          "name": "VAE",
          "type": "VAE",
          "links": [
            62,
            68
          ],
          "slot_index": 0,
          "shape": 3
        }
      ],
      "properties": {
        "Node name for S&R": "VAELoader"
      },
      "widgets_values": [
        "ae.safetensors"
      ],
      "color": "#332922",
      "bgcolor": "#593930"
    },
    {
      "id": 21,
      "type": "UnetLoaderGGUF",
      "pos": {
        "0": -714,
        "1": 13
      },
      "size": {
        "0": 315,
        "1": 58
      },
      "flags": {},
      "order": 4,
      "mode": 0,
      "inputs": [],
      "outputs": [
        {
          "name": "MODEL",
          "type": "MODEL",
          "links": [
            64,
            69
          ],
          "slot_index": 0,
          "shape": 3
        }
      ],
      "properties": {
        "Node name for S&R": "UnetLoaderGGUF"
      },
      "widgets_values": [
        "flux\\flux1-dev-Q8_0.gguf"
      ],
      "color": "#332922",
      "bgcolor": "#593930"
    },
    {
      "id": 2,
      "type": "VAEDecode",
      "pos": {
        "0": 359,
        "1": 191
      },
      "size": {
        "0": 210,
        "1": 46
      },
      "flags": {},
      "order": 15,
      "mode": 0,
      "inputs": [
        {
          "name": "samples",
          "type": "LATENT",
          "link": 1
        },
        {
          "name": "vae",
          "type": "VAE",
          "link": 68
        }
      ],
      "outputs": [
        {
          "name": "IMAGE",
          "type": "IMAGE",
          "links": [
            50,
            57
          ],
          "slot_index": 0,
          "shape": 3
        }
      ],
      "properties": {
        "Node name for S&R": "VAEDecode"
      },
      "widgets_values": [],
      "color": "#323",
      "bgcolor": "#535"
    },
    {
      "id": 32,
      "type": "DetailDaemonSamplerNode",
      "pos": {
        "0": 20,
        "1": 170
      },
      "size": {
        "0": 234.37217712402344,
        "1": 274.64471435546875
      },
      "flags": {},
      "order": 8,
      "mode": 0,
      "inputs": [
        {
          "name": "sampler",
          "type": "SAMPLER",
          "link": 60
        }
      ],
      "outputs": [
        {
          "name": "SAMPLER",
          "type": "SAMPLER",
          "links": [
            61
          ],
          "slot_index": 0
        }
      ],
      "properties": {
        "Node name for S&R": "DetailDaemonSamplerNode"
      },
      "widgets_values": [
        1,
        0,
        1,
        0.5,
        0.25,
        0,
        0,
        0,
        true,
        0
      ]
    },
    {
      "id": 15,
      "type": "CLIPTextEncode",
      "pos": {
        "0": -723,
        "1": 399
      },
      "size": {
        "0": 331.40594482421875,
        "1": 146.00015258789062
      },
      "flags": {},
      "order": 6,
      "mode": 0,
      "inputs": [
        {
          "name": "clip",
          "type": "CLIP",
          "link": 26,
          "slot_index": 0
        }
      ],
      "outputs": [
        {
          "name": "CONDITIONING",
          "type": "CONDITIONING",
          "links": [
            15
          ],
          "shape": 3
        }
      ],
      "properties": {
        "Node name for S&R": "CLIPTextEncode"
      },
      "widgets_values": [
        "a photograph of a majestic lion resting in the savannah at dusk. The lion's golden fur shimmers under the soft, fading light of the setting sun, casting long shadows across the grasslands. Using a Canon EOS-1D X Mark III paired with a Canon EF 70-200mm f/2.8L IS III USM lens, every detail of the lion's face is crisp, from its piercing amber eyes to the intricate texture of its mane. The backdrop features a hazy orange sky with silhouettes of distant acacia trees, creating a breathtaking scene that encapsulates the wild beauty of the African savannah"
      ],
      "color": "#232",
      "bgcolor": "#353"
    },
    {
      "id": 11,
      "type": "CLIPTextEncode",
      "pos": {
        "0": -655,
        "1": 588
      },
      "size": {
        "0": 400,
        "1": 200
      },
      "flags": {
        "collapsed": true
      },
      "order": 7,
      "mode": 0,
      "inputs": [
        {
          "name": "clip",
          "type": "CLIP",
          "link": 27
        }
      ],
      "outputs": [
        {
          "name": "CONDITIONING",
          "type": "CONDITIONING",
          "links": [
            11
          ],
          "shape": 3
        }
      ],
      "properties": {
        "Node name for S&R": "CLIPTextEncode"
      },
      "widgets_values": [
        ""
      ],
      "color": "#322",
      "bgcolor": "#533"
    },
    {
      "id": 10,
      "type": "FluxGuidance",
      "pos": {
        "0": -338,
        "1": 726
      },
      "size": {
        "0": 317.4000244140625,
        "1": 58
      },
      "flags": {},
      "order": 11,
      "mode": 0,
      "inputs": [
        {
          "name": "conditioning",
          "type": "CONDITIONING",
          "link": 15,
          "slot_index": 0
        }
      ],
      "outputs": [
        {
          "name": "CONDITIONING",
          "type": "CONDITIONING",
          "links": [
            10
          ],
          "shape": 3
        }
      ],
      "properties": {
        "Node name for S&R": "FluxGuidance"
      },
      "widgets_values": [
        3.5
      ],
      "color": "#2a363b",
      "bgcolor": "#3f5159"
    },
    {
      "id": 8,
      "type": "BasicScheduler",
      "pos": {
        "0": -341,
        "1": 547
      },
      "size": {
        "0": 315,
        "1": 106
      },
      "flags": {},
      "order": 10,
      "mode": 0,
      "inputs": [
        {
          "name": "model",
          "type": "MODEL",
          "link": 69
        }
      ],
      "outputs": [
        {
          "name": "SIGMAS",
          "type": "SIGMAS",
          "links": [
            7
          ],
          "shape": 3
        }
      ],
      "properties": {
        "Node name for S&R": "BasicScheduler"
      },
      "widgets_values": [
        "beta",
        12,
        0.6
      ],
      "color": "#2a363b",
      "bgcolor": "#3f5159"
    },
    {
      "id": 7,
      "type": "KSamplerSelect",
      "pos": {
        "0": -339,
        "1": 424
      },
      "size": {
        "0": 315,
        "1": 58
      },
      "flags": {},
      "order": 1,
      "mode": 0,
      "inputs": [],
      "outputs": [
        {
          "name": "SAMPLER",
          "type": "SAMPLER",
          "links": [
            60
          ],
          "slot_index": 0,
          "shape": 3
        }
      ],
      "properties": {
        "Node name for S&R": "KSamplerSelect"
      },
      "widgets_values": [
        "dpmpp_2m"
      ],
      "color": "#2a363b",
      "bgcolor": "#3f5159"
    },
    {
      "id": 4,
      "type": "RandomNoise",
      "pos": {
        "0": -346,
        "1": 163
      },
      "size": {
        "0": 315,
        "1": 82
      },
      "flags": {},
      "order": 5,
      "mode": 0,
      "inputs": [],
      "outputs": [
        {
          "name": "NOISE",
          "type": "NOISE",
          "links": [
            3
          ],
          "shape": 3
        }
      ],
      "properties": {
        "Node name for S&R": "RandomNoise"
      },
      "widgets_values": [
        602739908736598,
        "fixed"
      ],
      "color": "#2a363b",
      "bgcolor": "#3f5159"
    }
  ],
  "links": [
    [
      1,
      1,
      0,
      2,
      0,
      "LATENT"
    ],
    [
      3,
      4,
      0,
      1,
      0,
      "NOISE"
    ],
    [
      4,
      5,
      0,
      1,
      1,
      "GUIDER"
    ],
    [
      7,
      8,
      0,
      1,
      3,
      "SIGMAS"
    ],
    [
      8,
      9,
      2,
      1,
      4,
      "LATENT"
    ],
    [
      9,
      9,
      0,
      5,
      1,
      "CONDITIONING"
    ],
    [
      10,
      10,
      0,
      9,
      0,
      "CONDITIONING"
    ],
    [
      11,
      11,
      0,
      9,
      1,
      "CONDITIONING"
    ],
    [
      12,
      12,
      0,
      9,
      4,
      "MASK"
    ],
    [
      15,
      15,
      0,
      10,
      0,
      "CONDITIONING"
    ],
    [
      20,
      17,
      0,
      9,
      2,
      "VAE"
    ],
    [
      21,
      13,
      0,
      9,
      3,
      "IMAGE"
    ],
    [
      22,
      19,
      0,
      6,
      0,
      "MODEL"
    ],
    [
      23,
      17,
      0,
      2,
      1,
      "VAE"
    ],
    [
      24,
      19,
      0,
      8,
      0,
      "MODEL"
    ],
    [
      26,
      22,
      0,
      15,
      0,
      "CLIP"
    ],
    [
      27,
      22,
      0,
      11,
      0,
      "CLIP"
    ],
    [
      28,
      17,
      0,
      9,
      2,
      "VAE"
    ],
    [
      29,
      13,
      0,
      9,
      3,
      "IMAGE"
    ],
    [
      30,
      21,
      0,
      6,
      0,
      "MODEL"
    ],
    [
      31,
      17,
      0,
      2,
      1,
      "VAE"
    ],
    [
      32,
      21,
      0,
      8,
      0,
      "MODEL"
    ],
    [
      33,
      17,
      0,
      9,
      2,
      "VAE"
    ],
    [
      34,
      13,
      0,
      9,
      3,
      "IMAGE"
    ],
    [
      35,
      21,
      0,
      6,
      0,
      "MODEL"
    ],
    [
      36,
      17,
      0,
      2,
      1,
      "VAE"
    ],
    [
      37,
      21,
      0,
      8,
      0,
      "MODEL"
    ],
    [
      38,
      17,
      0,
      9,
      2,
      "VAE"
    ],
    [
      39,
      13,
      0,
      9,
      3,
      "IMAGE"
    ],
    [
      40,
      21,
      0,
      6,
      0,
      "MODEL"
    ],
    [
      41,
      17,
      0,
      2,
      1,
      "VAE"
    ],
    [
      42,
      21,
      0,
      8,
      0,
      "MODEL"
    ],
    [
      50,
      2,
      0,
      29,
      1,
      "IMAGE"
    ],
    [
      52,
      17,
      0,
      9,
      2,
      "VAE"
    ],
    [
      53,
      13,
      0,
      9,
      3,
      "IMAGE"
    ],
    [
      54,
      21,
      0,
      8,
      0,
      "MODEL"
    ],
    [
      55,
      21,
      0,
      6,
      0,
      "MODEL"
    ],
    [
      56,
      17,
      0,
      2,
      1,
      "VAE"
    ],
    [
      57,
      2,
      0,
      30,
      0,
      "IMAGE"
    ],
    [
      60,
      7,
      0,
      32,
      0,
      "SAMPLER"
    ],
    [
      61,
      32,
      0,
      1,
      2,
      "SAMPLER"
    ],
    [
      62,
      17,
      0,
      9,
      2,
      "VAE"
    ],
    [
      64,
      21,
      0,
      5,
      0,
      "MODEL"
    ],
    [
      65,
      33,
      0,
      29,
      0,
      "IMAGE"
    ],
    [
      66,
      33,
      1,
      12,
      0,
      "MASK"
    ],
    [
      67,
      33,
      0,
      9,
      3,
      "IMAGE"
    ],
    [
      68,
      17,
      0,
      2,
      1,
      "VAE"
    ],
    [
      69,
      21,
      0,
      8,
      0,
      "MODEL"
    ]
  ],
  "groups": [],
  "config": {},
  "extra": {
    "ds": {
      "scale": 0.7513148009015777,
      "offset": [
        1223.4849217709868,
        102.9974086623594
      ]
    }
  },
  "version": 0.4
}